slug,  tags


##############
## cats
24px
acclimatedmooncats
pixelmeows
moonstalkers



####################
## dogs / shiba-inu doge
blockydoge
blockydogeguilds
dooggies
dogepunks-collection,    punks
moonrunnersnft



##########
## apes / monkeys
weape24,      punks
binaryapes,   punks
basicboredapeclub,   punks
cryptoapes-official,  punks
papc-punk-ape-pixel-club,  punks
monkepunks,    punks
phunk-ape-origins,   punks
apepunksnft,   punks
unfudables-1
monkerunners-official



###########
## bears
etherbears
moonbears-nft



####
#  owls / (angry) birds
proof-moonbirds
fastfoodbirds
fast-food-moonbirds
island-birds
starbirds
moonbirdpunks,   punks



####
#  ducks
moonquacks

####
#  penguins
pixelpudgies
crypto-pudgy-punks


##########
# goblins & friends
pixel-goblintown
goblin-punks,    punks
moon-goblz



####
#  older masters / modern paintings / art
cryptomasterpiecez


###############
## (human) portraits
eightbitme
unemployables
cryptogreats
cryptowiener-4
wow-pixies-v2
athletes-101



#########
## punks (human only)
thesaudis,           punks
thejews-nft,         punks
the-americans-nft,   punks
nigeriansnft,         punks
theindiansofficial,    punks



######
## punks (aliens only)
galacticaliensocialclub,   punks
phunk-aliens-origins,   punks


############
#  punks (mixed - apes, aliens, etc. )
morepunks,   punks
cryptopunks,   punks
official-v1-punks,   punks
chain-runners-nft,   punks

v3-cryptopunks,   punks
philipinternproject,   punks
crypto-phunks,   punks
v1-phunks,   punks
v3phunks,   punks
phunksinblack,   punks
crypto-marcs,   punks
punked-goblins,   punks
punk-ape-yacht-club-v2,   punks


anime-punks,   punks
beautiful-female-punks,   punks
bladerunner-punks,   punks
bwpunks,     punks
cinepunkss,     punks
wastelandpunks,     punks
clout-punks,     punks
cryptoluxurypunks,     punks
dubaipeeps,     punks
figurepunks,     punks
frontphunks,     punks
genius-punks,     punks
ghozalipunk,     punks
goodbye-punks,     punks
high-effort-punks,     punks
histopunks,     punks
kimono-punks,     punks
mafia-punks-club,     punks
onlypunksnft,     punks
punkoftheday,     punks
scifipunks,     punks
the-pixel-portraits-og,     punks
the-pixel-portraits,     punks
thecryptogenius,     punks
unofficialpunks,     punks
wunks,     punks
youtubepunks,     punks
pixel-gals,     punks


international-punks-,   punks
dystopunks,   punks
expansionphunks,   punks
expansionpunks,   punks

clowntownsociety,   punks
hivepunks,   punks
lostpunksociety,   punks
mineablepunks,   punks
currencypunks,   punks
cryptopunksmom,   punks

cryptorastas-collection,    punks

reggaetonpunks,    punks
punkforce,    punks

covidpunksnft,    punks
divinepunks,    punks

philip-phunks,    punks

pisspunks,    punks

cryptoralph,    punks
mariachipunks,    punks


nounpunks-eth,   punks
pridepunks2018,    punks


renegade-punks,     punks
monster-punks,     punks
laser-eye-punks,     punks
facelesspunks,     punks
erc1155ffp,     punks


phunkverse,     punks
onlyphunks,      punks
selfmadepunks,     punks
nonvisiblepunks,    punks

halloweenpunks-here,    punks
haunted-punks-666,    punks
theedgepunks,    punks
theaussies,    punks
cryptopepepunks,    punks


